#
# These image references are automatically loaded in by the 
# ImageManager class at startup, allowing images to be 
# more easily referenced in animation files
# 
FlagPole            | images/flagPole.png
LANGUAGE_ICON       | images/language_icon-red.png
TEXTURE_BROWN       | images/texture_brown.jpg
TEXTURE_GRAY        | images/texture_gray.jpg
DERELICT_SHIP       | images/Derelict_Ship.jpg

TECH_ANTIMATTER_BOMB          | images/techs/Anti-Matter_Bomb.png
TECH_ANTIMATTER_TORPEDO       | images/techs/Anti-Matter_Torpedo.png
TECH_AUTO_BLASTER             | images/techs/Auto_Blaster.png
TECH_DEATH_RAY                | images/techs/Death_Ray.png
TECH_DISRUPTOR                | images/techs/Disruptor.png
TECH_FUSION_BEAM              | images/techs/Fusion_Beam.png
TECH_FUSION_BOMB              | images/techs/Fusion_Bomb.png
TECH_FUSION_RIFLE             | images/techs/Fusion_Rifle.png
TECH_GATLING_LASER            | images/techs/Gatling_Laser.png
TECH_GAUSS_AUTOCANNON         | images/techs/Gauss_Autocannon.png
TECH_GRAVITON_BEAM            | images/techs/Graviton_Beam.png
TECH_HAND_LASER               | images/techs/Hand_Laser.png
TECH_HAND_PHASOR              | images/techs/Hand_Phasor.png
TECH_HARD_BEAM                | images/techs/Hard_Beam.png
TECH_HELLFIRE_TORPEDO         | images/techs/Hellfire_Torpedo.png
TECH_HERCULAR_MISSILE         | images/techs/Hercular_Missile.png
TECH_HYPER-V_ROCKET           | images/techs/Hyper-V_Rocket.png
TECH_HYPER-X_ROCKET           | images/techs/Hyper-X_Rocket.png
TECH_ION_CANNON               | images/techs/Ion_Cannon.png
TECH_ION_RIFLE                | images/techs/Ion_Rifle.png
TECH_ION_STREAM_PROJECTOR     | images/techs/Ion_Stream_Projector.png
TECH_MASS_DRIVER              | images/techs/Mass_Driver.png
TECH_MAULER_DEVICE            | images/techs/Mauler_Device.png
TECH_MEGABOLT_CANNON          | images/techs/Megabolt_Cannon.png
TECH_MERCULITE_MISSILE        | images/techs/Merculite_Missile.png
TECH_NEUTRON_BLASTER          | images/techs/Neutron_Blaster.png
TECH_NEUTRON_PELLET_GUN       | images/techs/Neutron_Pellet_Gun.png
TECH_NEUTRON_STREAM_PROJECTOR | images/techs/Neutron_Stream_Projector.png
TECH_NEUTRONIUM_BOMB          | images/techs/Neutronium_Bomb.png
TECH_OMEGA-V_BOMB             | images/techs/Omega-V_Bomb.png
TECH_PARTICLE_BEAM            | images/techs/Particle_Beam.png
TECH_PLASMA_CANNON            | images/techs/Plasma_Cannon.png
TECH_PLASMA_RIFLE             | images/techs/Plasma_Rifle.png
TECH_PLASMA_TORPEDO           | images/techs/Plasma_Torpedo.png
TECH_PROTON_TORPEDO           | images/techs/Proton_Torpedo.png
TECH_PULSE_PHASOR             | images/techs/Pulse_Phasor.png
TECH_PULSON_MISSILE           | images/techs/Pulson_Missile.png
TECH_SCATTER_PACK_V_MISSILE   | images/techs/Scatter_Pack_V_Missile.png
TECH_SCATTER_PACK_VII_MISSILE | images/techs/Scatter_Pack_VII_Missile.png
TECH_SCATTER_PACK_X_MISSILE   | images/techs/Scatter_Pack_X_Missile.png
TECH_STELLAR_CONVERTOR        | images/techs/Stellar_Convertor.png
TECH_STINGER_MISSILE          | images/techs/Stinger_Missile.png
TECH_TACHYON_BEAM             | images/techs/Tachyon_Beam.png
TECH_TRI-FOCUS_PLASMA_CANNON  | images/techs/Tri-Focus_Plasma_Cannon.png
TECH_ZEON_MISSILE             | images/techs/Zeon_Missile.png

TECH_DEFLECTOR_SHIELDS_01     | images/techs/Deflector_Shields_01.png
TECH_DEFLECTOR_SHIELDS_02     | images/techs/Deflector_Shields_02.png
TECH_DEFLECTOR_SHIELDS_03     | images/techs/Deflector_Shields_03.png
TECH_DEFLECTOR_SHIELDS_04     | images/techs/Deflector_Shields_04.png
TECH_DEFLECTOR_SHIELDS_05     | images/techs/Deflector_Shields_05.png
TECH_DEFLECTOR_SHIELDS_06     | images/techs/Deflector_Shields_06.png
TECH_DEFLECTOR_SHIELDS_07     | images/techs/Deflector_Shields_07.png
TECH_DEFLECTOR_SHIELDS_09     | images/techs/Deflector_Shields_09.png
TECH_DEFLECTOR_SHIELDS_11     | images/techs/Deflector_Shields_11.png
TECH_DEFLECTOR_SHIELDS_13     | images/techs/Deflector_Shields_13.png
TECH_DEFLECTOR_SHIELDS_15     | images/techs/Deflector_Shields_15.png
TECH_STASIS_FIELD             | images/techs/Stasis_Field.png
TECH_REPULSOR_BEAM            | images/techs/Repulsor_Beam.png
TECH_CLOAKING_DEVICE          | images/techs/Cloaking_Device.png
TECH_BLACK_HOLE_GENERATOR     | images/techs/Black_Hole_Generator.png
TECH_PLANETARY_SHIELD_V       | images/techs/Class_V_Planetary_Shields.png
TECH_PLANETARY_SHIELD_X       | images/techs/Class_X_Planetary_Shields.png
TECH_PLANETARY_SHIELD_XV      | images/techs/Class_XV_Planetary_Shields.png
TECH_PLANETARY_SHIELD_XX      | images/techs/Class_XX_Planetary_Shields.png
TECH_PERSONAL_SHIELD_01       | images/techs/Personal_Deflector_Shield.png
TECH_PERSONAL_SHIELD_02       | images/techs/Personal_Absorption_Shield.png
TECH_PERSONAL_SHIELD_03       | images/techs/Personal_Barrier_Shield.png
TECH_MISSILE_SHIELD_01        | images/techs/Anti-Missile_Rockets.png
TECH_MISSILE_SHIELD_02        | images/techs/Zyro_Shield.png
TECH_MISSILE_SHIELD_03        | images/techs/Lightning_Shield.png

TECH_ENERGY_PULSAR            | images/techs/Energy_Pulsar.png
TECH_IONIC_PULSAR             | images/techs/Ionic_Pulsar.png

TECH_CLONING                  | images/techs/Cloning.png
TECH_ADV_CLONING              | images/techs/Advanced_Cloning.png
TECH_BIOTOXIN_ANTIDOTE        | images/techs/Bio_Toxin_Antidote.png
TECH_UNIVERSAL_ANTIDOTE       | images/techs/Universal_Antidote.png
TECH_BIO_TERMINATOR           | images/techs/Bio_Terminator.png
TECH_DEATH_SPORES             | images/techs/Death_Spores.png
TECH_DOOM_VIRUS               | images/techs/Doom_Virus.png
TECH_CONTROL_BARREN           | images/techs/Control_Barren.png
TECH_CONTROL_DEAD             | images/techs/Control_Dead.png
TECH_CONTROL_INFERNO          | images/techs/Control_Inferno.png
TECH_CONTROL_IRRADIATED       | images/techs/Control_Irradiated.png
TECH_CONTROL_TOXIC            | images/techs/Control_Toxic.png
TECH_CONTROL_TUNDRA           | images/techs/Control_Tundra.png
TECH_ECO_RESTORATION_3        | images/techs/Eco_Restoration_3.png
TECH_ECO_RESTORATION_5        | images/techs/Eco_Restoration_5.png
TECH_ECO_RESTORATION_10       | images/techs/Eco_Restoration_10.png
TECH_ECO_RESTORATION_20       | images/techs/Eco_Restoration_20.png
TECH_IMPR_TERRAFORM_10        | images/techs/Impr_Terraforming_10.png
TECH_IMPR_TERRAFORM_20        | images/techs/Impr_Terraforming_20.png
TECH_IMPR_TERRAFORM_30        | images/techs/Impr_Terraforming_30.png
TECH_IMPR_TERRAFORM_40        | images/techs/Impr_Terraforming_40.png
TECH_IMPR_TERRAFORM_50        | images/techs/Impr_Terraforming_50.png
TECH_IMPR_TERRAFORM_60        | images/techs/Impr_Terraforming_60.png
TECH_IMPR_TERRAFORM_80        | images/techs/Impr_Terraforming_80.png
TECH_IMPR_TERRAFORM_100       | images/techs/Impr_Terraforming_100.png
TECH_IMPR_TERRAFORM_120       | images/techs/Impr_Terraforming_120.png
TECH_SOIL_ENRICHMENT          | images/techs/Soil_Enrichment.png
TECH_ADV_SOIL_ENRICHMENT      | images/techs/Advanced_Soil_Enrichment.png
TECH_ATMO_TERRAFORM           | images/techs/Atmospheric_Terraforming.png


